order,name,height(cm)
1,President 01,193
2,President 02,182
3,President 03,171
4,President 04,187
5,President 05,178
6,President 06,175
7,President 07,182
8,President 08,191
9,President 09,193
10,President 10,175
11,President 11,178
12,President 12,187
13,President 13,185
14,President 14,181
15,President 15,179
16,President 16,189
17,President 17,190
18,President 18,188
19,President 19,170
20,President 20,182
21,President 21,177
22,President 22,171
23,President 23,170
24,President 24,175
25,President 25,190
26,President 26,176
27,President 27,180
28,President 28,188
29,President 29,181
30,President 30,188
31,President 31,179
32,President 32,171
33,President 33,177
34,President 34,173
35,President 35,186
36,President 36,186
37,President 37,181
38,President 38,175
39,President 39,176
40,President 40,187
41,President 41,190
42,President 42,187
43,President 43,174
44,President 44,192
45,President 45,193
46,President 46,179
47,President 47,172
48,President 48,183
49,President 49,178
50,President 50,177
51,President 51,182
52,President 52,171
53,President 53,190
54,President 54,184
55,President 55,193
56,President 56,185
57,President 57,186
58,President 58,170
59,President 59,181
60,President 60,187
61,President 61,174
62,President 62,174
63,President 63,184
64,President 64,175
65,President 65,176
66,President 66,174
67,President 67,180
68,President 68,178
69,President 69,172
70,President 70,189
71,President 71,185
72,President 72,174
73,President 73,185
74,President 74,180
75,President 75,176
76,President 76,185
77,President 77,187
78,President 78,179
79,President 79,173
80,President 80,172
81,President 81,183
82,President 82,181
83,President 83,188
84,President 84,173
85,President 85,184
86,President 86,181
87,President 87,186
88,President 88,193
89,President 89,192
90,President 90,186
91,President 91,179
92,President 92,190
93,President 93,189
94,President 94,189
95,President 95,181
96,President 96,179
97,President 97,187
98,President 98,171
99,President 99,179
